Respondent,Feedback,Suggestion,Date Submitted,Time Submitted,Feedback category
Gerardo Thompson,Quia vero est tempore. Explicabo praesentium consequatur voluptas maxime. Eveniet non sit error quis sequi beatae quas dignissimos quod.,Consequuntur nesciunt rem corrupti necessitatibus facilis nisi facilis sed.,2019-06-05T08:45:29.927Z,2088-12-31T18:03:07.577Z,positive
Nettie Adams,Repellendus quibusdam cupiditate nam sint voluptates amet animi qui voluptatibus. Ab rerum ut sequi id veritatis id sequi assumenda vel. Veniam natus vitae necessitatibus. Atque iure rerum voluptates quidem reiciendis. Aperiam ducimus perferendis optio ad odio eius minus.,Architecto doloremque voluptates fuga quam.,2020-11-11T06:26:39.620Z,2068-09-28T06:05:04.122Z,negative
Bethany Purdy MD,Autem eveniet deleniti. In molestias modi tenetur vel voluptate ab esse exercitationem. Deserunt eum a odio. Voluptatum adipisci similique quos ducimus neque distinctio maiores commodi. Culpa adipisci assumenda natus possimus quidem reiciendis nobis esse dolores. Deleniti culpa nostrum.,Illum cupiditate sint facere recusandae voluptas illum consequuntur asperiores.,2022-09-05T20:15:59.625Z,2028-10-25T11:10:17.748Z,neutral
Mitchell Pacocha,Vero nam repellat laboriosam voluptas iure quo maiores nam eos. Itaque sed soluta itaque voluptatum suscipit tempora. Numquam earum quo placeat. Id quibusdam incidunt.,Doloremque necessitatibus omnis consequuntur recusandae atque ex.,2015-04-09T20:08:16.162Z,2083-08-09T07:59:35.508Z,negative
Ramona Luettgen,Tenetur repudiandae aut. Ipsum qui suscipit voluptatibus atque quas ut commodi quam. Placeat dignissimos porro.,Magnam accusantium enim cumque rerum cum.,2014-03-14T08:45:37.792Z,2012-09-29T01:46:11.922Z,neutral
Dana Bradtke I,Reprehenderit ipsam numquam ipsam. Similique architecto rerum vero doloribus. Ea quia cupiditate reprehenderit distinctio voluptate officiis. Itaque quis temporibus hic quisquam eos aliquid.,Ipsam vitae nobis quod iure.,2013-05-25T03:45:05.168Z,2019-08-05T11:05:54.224Z,negative
Chelsea Schneider,Tempora veritatis hic dolores hic ut excepturi ducimus exercitationem. Commodi commodi et molestiae. Sit autem corrupti in harum odit provident. Quam dignissimos cum dolor eligendi voluptate fuga. Soluta dolores maiores nobis. Dolores quidem vero neque.,Voluptatem at possimus.,2020-01-15T13:00:18.328Z,2076-12-30T09:17:58.952Z,positive
Amber Gulgowski,Molestiae assumenda praesentium quidem eius minus tempora placeat quas. Iure voluptas magnam eum dolorem autem eos deserunt magni. Cumque sit distinctio saepe officiis libero quia. Repellendus labore esse. Modi dolor voluptatibus.,Labore soluta facilis.,2013-08-24T14:38:33.863Z,2097-10-13T01:13:46.087Z,positive
Earl Gorczany,Libero sequi incidunt dolor quis saepe esse harum. Harum maiores nulla perferendis saepe in nihil. Suscipit atque officiis omnis. Unde culpa quidem sapiente. Id vero assumenda illum alias. Animi harum repellat perspiciatis maiores autem eveniet.,Quia impedit quas fugiat repellendus quibusdam natus saepe.,2015-06-08T10:26:33.633Z,2018-02-22T09:36:59.640Z,positive
Kristopher Sipes,Veniam consequuntur quos in unde qui consequatur. Mollitia nostrum eum possimus inventore odit hic nihil in culpa. Sequi nobis fugiat. Earum nam beatae. Repellendus explicabo magni. Asperiores error soluta dolor reprehenderit dicta.,Occaecati autem culpa facere accusantium quae illo alias qui.,2013-10-04T01:54:12.735Z,2075-04-24T10:37:13.906Z,neutral
Terrence Welch,Ipsa mollitia velit neque tempora nemo quaerat optio. Ex vero debitis praesentium placeat necessitatibus. Corporis ratione magni nesciunt dolores nulla debitis. Corrupti quae quibusdam voluptatem autem illum.,Tempora accusamus totam ratione porro magnam laudantium facilis voluptatem.,2016-12-20T12:14:11.038Z,2013-06-09T13:01:47.035Z,neutral
Jodi Turcotte,Pariatur quisquam amet nemo accusantium totam fugit recusandae eveniet. Minus quis ea harum quos ipsum aperiam dolorem sapiente. Quis ullam hic delectus eligendi laborum adipisci. Possimus praesentium iusto facilis repellat totam. Commodi laboriosam praesentium et temporibus sapiente.,Temporibus facilis voluptatum.,2018-01-27T20:00:58.883Z,1994-08-22T07:05:50.890Z,neutral
Dr. Horace Grimes,Minima consequatur amet eos asperiores deleniti. Enim corrupti nesciunt modi rem suscipit laboriosam inventore repellat. Omnis commodi repudiandae sint odit nesciunt ducimus maxime. Autem nostrum numquam ducimus quas architecto mollitia error. Vero rem possimus nemo.,Repellat voluptatibus impedit est commodi.,2016-12-31T12:37:02.473Z,2099-04-24T20:41:30.307Z,neutral
Andrew Gleason,Ex quas vel molestias ab eligendi. Nobis labore beatae ratione sunt ab voluptates aut saepe. Maiores nam dicta voluptates nulla tempora consequuntur qui sapiente eveniet.,Magni odio molestias.,2018-03-06T21:23:04.253Z,2041-04-07T04:28:11.829Z,positive
Shelia Kerluke,Corrupti possimus ducimus expedita. Adipisci tenetur culpa maxime. Adipisci libero expedita.,Asperiores quos veritatis pariatur amet eum vel.,2021-08-11T03:51:04.846Z,2065-10-24T03:26:44.243Z,positive
Javier Douglas,Harum velit sit itaque quisquam. Consequuntur delectus optio ducimus recusandae ducimus consequuntur animi. Odio voluptates amet eligendi autem. Quia sit debitis voluptates inventore nostrum et consectetur magni doloremque. Deleniti natus voluptatum temporibus voluptatibus facilis consectetur velit reiciendis aliquid.,Vero aut itaque sequi debitis aut ad.,2017-09-11T07:22:46.401Z,2079-08-09T08:01:43.695Z,positive
Cassandra Schowalter DDS,Laudantium laboriosam velit nam quo optio maxime. Velit facere eos quidem. Hic nam maiores aliquam consectetur nostrum sunt incidunt voluptatem. Magni magnam veniam dicta voluptatibus alias vel ullam. Veniam illo occaecati.,Molestias quidem maxime tempore voluptas vero.,2019-02-12T17:36:41.219Z,1996-10-11T23:30:40.005Z,negative
Benny Borer,Eius quaerat earum modi mollitia architecto eligendi eveniet perferendis. Repellendus ipsa voluptates mollitia. Quis doloremque tempora natus praesentium ipsam quae. Distinctio quisquam harum ducimus ea libero porro sequi culpa.,Eaque quasi unde error similique necessitatibus possimus quasi atque.,2015-12-17T04:44:40.796Z,2065-09-21T19:15:54.714Z,negative
Daisy Toy,Molestiae quis hic nam necessitatibus. Aliquid fugiat labore aliquam dolorem deleniti iste ea. Maxime corporis ratione. Harum expedita odit quae.,Laboriosam ullam explicabo vitae velit quam cupiditate itaque.,2015-12-31T18:13:26.794Z,2062-03-07T22:34:52.508Z,positive
Travis Donnelly,Recusandae reiciendis ipsa iure. Deserunt culpa officia fugiat. Beatae asperiores earum rem modi placeat error. Eius laudantium veritatis cupiditate totam repellat incidunt qui rerum ipsam. Modi cumque sunt consequatur minima animi. Ea dolor eaque reiciendis.,Perspiciatis beatae modi voluptate perferendis iste amet illo.,2016-03-17T00:05:42.146Z,2086-03-31T07:58:51.246Z,positive
Jacqueline Bernhard,Adipisci eligendi nisi et aperiam non inventore quidem excepturi. Eveniet natus eius voluptatum voluptatum nobis. Dolorem aut vero eveniet atque corporis vero aspernatur. Amet aut tenetur odit natus ipsa corporis fugiat. Quaerat asperiores eos. Dolorem quidem fuga.,Eaque tempore qui perspiciatis officiis facere iste excepturi saepe.,2014-02-18T05:52:38.881Z,2026-05-11T06:29:44.930Z,negative
Dr. Carrie Kub,Neque veniam illum officia consequatur. Corporis nostrum deleniti quibusdam cumque aperiam nemo eum iste rerum. Perferendis occaecati sed consequuntur nostrum beatae.,Cumque aspernatur mollitia aperiam repellendus.,2020-01-03T07:06:34.220Z,2028-01-18T14:13:57.630Z,negative
Alyssa Beatty,Amet nam nam deserunt temporibus. Vitae nam nam minima illo non debitis numquam ipsa ipsum. Sint magnam officia perspiciatis molestiae dicta assumenda sequi dicta. Velit quod enim. Incidunt iusto eaque. A eveniet officia perferendis rerum rerum.,Optio sapiente fugit cumque harum ducimus dicta perferendis.,2016-01-18T22:42:13.253Z,2043-03-25T17:45:21.802Z,neutral
Francis Kautzer,Molestias aperiam necessitatibus ipsum tempora. Eius maiores natus labore corrupti aut corrupti a. Quam temporibus dolorem.,Quasi reiciendis facilis quos.,2018-09-06T15:11:43.770Z,2019-05-29T16:32:23.819Z,neutral
Myron Marquardt,Quas vero iure quod laboriosam iste deleniti. Ratione perferendis officia labore ullam eius sint eaque. Minima inventore maiores modi reprehenderit repellat. Et itaque amet expedita ullam beatae sit eaque consequatur. Nobis vitae ab illo nostrum cupiditate facere dolore ad quia.,Ipsa cumque rerum suscipit esse.,2018-03-02T09:35:05.894Z,2091-01-11T01:39:34.890Z,positive
Mario Wiza,Ratione quisquam delectus eaque exercitationem. Provident officiis ipsum reiciendis doloremque perferendis harum cupiditate dolor sit. Enim neque voluptates non minima possimus quisquam.,Nihil nam aut in laboriosam.,2015-10-11T02:50:04.573Z,2054-02-26T20:38:20.171Z,neutral
Elizabeth Emmerich,Magni nam itaque. Blanditiis itaque quam labore veniam. Aspernatur reiciendis unde maiores maiores molestiae. Adipisci quasi laborum maiores voluptate ut ipsam. Excepturi recusandae nesciunt quas ullam.,Praesentium reprehenderit eum non nostrum.,2018-08-08T00:04:15.391Z,2067-11-02T12:07:35.789Z,positive
Simon Armstrong,Consectetur quis culpa iure corrupti sint. Voluptas totam labore doloremque dolor. Sit fugit hic nisi doloribus similique voluptatem. Dolore tenetur itaque autem.,Nemo aspernatur aliquam ducimus dolore.,2017-03-18T14:40:42.291Z,2038-02-16T04:33:01.156Z,positive
Kristy O'Conner,Dolorem perferendis eligendi. Rerum laudantium incidunt quidem aliquid in numquam magni beatae. Consequatur dolor iure facilis nisi eius. Eligendi soluta consequatur. Dicta eos nulla numquam illo laborum esse voluptates consequatur soluta. Facilis rerum nesciunt repellendus consequatur nisi voluptas deleniti aspernatur.,Accusamus officiis animi natus veniam dignissimos voluptatem.,2016-09-21T07:21:49.884Z,2045-07-09T05:41:47.094Z,negative
Terri Towne,Modi deleniti quisquam facere totam rerum nesciunt mollitia. Officia beatae doloremque doloremque quia delectus saepe exercitationem. Facere eum commodi aperiam voluptate totam. Sapiente vero itaque voluptate accusantium aperiam porro. Earum possimus eos atque.,Aut aliquam adipisci numquam mollitia corporis.,2022-06-20T23:05:38.361Z,2003-09-18T16:54:20.567Z,neutral
Santos Green,Esse sequi sit alias temporibus voluptate. Cupiditate quae consequuntur fugiat provident libero voluptas amet optio reiciendis. Asperiores nihil similique perferendis. Expedita sunt doloremque.,Consequatur asperiores sit repellat sequi inventore ab aspernatur incidunt.,2019-10-25T04:00:09.840Z,2015-07-15T00:42:00.264Z,negative
Frankie Mayer,Aspernatur deleniti temporibus. Quasi quisquam perspiciatis. Illum nobis enim quia possimus dolore facere. Dolor magnam quidem. Esse at itaque beatae magnam. Doloremque tempora impedit dolore veritatis cum non incidunt quae facere.,Deserunt dolorem nihil occaecati sapiente porro pariatur accusantium.,2018-08-27T04:08:37.500Z,2059-01-09T04:00:16.063Z,negative
Gerard Keebler,Quaerat veniam eum harum. Ipsa nostrum aut nihil fuga et ullam sit repudiandae nam. Mollitia expedita voluptatibus rem sit omnis maxime et nam. Architecto ea culpa animi laboriosam tempora perspiciatis quo. Minima quasi vel exercitationem repellat corrupti nulla. Ipsum reiciendis vel provident soluta placeat saepe eligendi pariatur corrupti.,Dolorum blanditiis inventore provident minus modi vero ratione nesciunt.,2020-01-13T18:33:59.534Z,2098-07-12T20:59:08.613Z,positive
Jimmie Watsica,Porro et repudiandae blanditiis dolores quis in illo. Ullam veniam dolorum sequi eius enim. Tenetur facilis adipisci excepturi non deserunt. Odit ipsum ipsum consequuntur. Alias adipisci dolore esse saepe quibusdam placeat quasi ea facere. Et laboriosam ipsa laboriosam.,Unde explicabo quibusdam eaque eum quas.,2018-08-08T05:08:07.086Z,2023-01-10T19:31:55.439Z,neutral
Ms. Olivia Schinner,Nam aliquid aspernatur quia laboriosam nobis dolorem itaque a fuga. Corporis aliquid corrupti cupiditate beatae labore corrupti perferendis. Vitae ex nostrum fuga. Numquam error sequi eos eveniet doloremque aut vitae explicabo incidunt.,Fugiat alias atque cupiditate eaque.,2018-12-06T18:12:28.798Z,1990-03-09T17:37:12.839Z,neutral
Vincent Wisozk,Deleniti fuga eligendi in optio labore. Beatae eos molestiae enim ut asperiores atque. Voluptas officiis labore. Recusandae quasi repudiandae assumenda assumenda modi explicabo voluptatibus.,Pariatur corrupti blanditiis sapiente fugit libero.,2020-11-12T19:04:02.407Z,2062-01-02T06:59:25.656Z,positive
Ms. Sherry Monahan,Eaque natus dolorem odio perferendis nesciunt necessitatibus error. Aliquid qui aspernatur nostrum veniam quo numquam a aliquid molestiae. Sapiente fugiat iste totam omnis reprehenderit consectetur.,Dolores aliquid voluptatibus illum facilis cum aliquam delectus.,2022-06-17T20:07:56.260Z,2003-12-16T08:39:57.243Z,negative
Benny Murazik,Tenetur voluptatibus nemo quos quisquam. Nam doloribus nesciunt. Ratione fugit aut unde nostrum ipsa.,Magni labore consequuntur quibusdam aliquam exercitationem corrupti consectetur ipsum magnam.,2022-02-16T13:51:20.972Z,1998-01-30T10:06:34.777Z,positive
Rachael Crona,Fugit ipsam sit eum dolorem. Soluta sit ipsum quidem placeat aliquid facere necessitatibus unde est. Molestias sequi dolor architecto dolorem dolores accusantium laudantium occaecati exercitationem. Autem natus nisi minima voluptatum corrupti commodi. Quis cum neque.,Assumenda blanditiis cum optio blanditiis a delectus repudiandae commodi dolore.,2019-09-23T16:46:11.026Z,2044-01-17T16:11:30.780Z,positive
Elbert Gerhold,Quis repudiandae facilis illo perferendis tenetur quia reiciendis perspiciatis. Laboriosam veritatis ullam necessitatibus porro consequuntur nihil debitis impedit eveniet. Eaque quae vel omnis quo nesciunt exercitationem dolorum voluptatum. Quod rem eos dolorum expedita eos nihil sint.,Mollitia adipisci ipsa necessitatibus odit reiciendis fugit sunt.,2013-05-02T10:11:42.235Z,2074-11-02T03:05:09.976Z,neutral
Jose Medhurst,Perspiciatis repellendus maiores id exercitationem eaque accusamus. Incidunt iure officia inventore. Enim dolores cupiditate porro necessitatibus sed est consectetur exercitationem pariatur. Nulla veniam odit placeat repellat temporibus exercitationem nemo ipsum enim. Ex nobis error consequuntur. Repellendus sint maxime.,Dolorum quisquam non quibusdam quis omnis labore.,2022-04-03T00:41:36.423Z,2045-04-26T00:49:45.392Z,positive
Miss Janis Jerde,Culpa sequi atque repudiandae explicabo ad occaecati numquam a nisi. Odit necessitatibus nisi id praesentium repellat. Ut nobis dolore veniam. Occaecati aperiam aliquam animi illum nemo excepturi corrupti dolor ea. Eum quidem eaque maxime cum eaque nisi voluptatibus ducimus.,Voluptatem in distinctio quisquam commodi ipsam occaecati qui.,2013-05-12T15:52:27.579Z,2017-09-28T10:04:32.692Z,positive
Rosie Effertz,Atque amet temporibus alias. Modi rem soluta. Deserunt nam saepe. Saepe deleniti cumque incidunt. Mollitia sequi rem eos dolorum nisi fugiat. Cum a rerum error qui explicabo delectus.,Mollitia magnam enim.,2015-07-13T23:00:12.643Z,1999-02-14T17:39:31.257Z,positive
Milton Rowe,Maxime quasi cupiditate nulla saepe similique facilis quidem molestiae. Illum natus aperiam voluptates. Dolore expedita aperiam quibusdam eos commodi. Quas magni maiores ipsam odit officia ea exercitationem maiores cum.,Nobis facere ex ab quod.,2017-04-13T10:59:14.585Z,2017-11-11T08:09:10.766Z,positive
Neal Pfeffer,Dignissimos nulla ducimus. Id labore fugiat nostrum officia dolorum dolorem voluptatibus esse culpa. Magni labore reprehenderit illo explicabo eligendi doloremque odio delectus fuga. Totam quas incidunt ab aliquid illo quia amet explicabo. Porro nostrum inventore. Quos in illum laborum.,Quaerat iste aliquid porro magni exercitationem a sed.,2015-06-25T01:37:11.890Z,2029-04-21T22:13:13.829Z,negative
Glen Christiansen,Aliquid accusantium cum rerum corporis ipsum reprehenderit quia. Accusamus quas rem tenetur non sequi. Amet sunt quibusdam voluptatum. Assumenda cupiditate exercitationem dignissimos. Harum ab ducimus.,Harum rem sint molestiae commodi.,2023-04-06T07:14:25.554Z,2016-09-13T12:39:49.112Z,neutral
Alfonso Breitenberg,Ab rerum neque natus aliquam illo a. Quod at saepe. Expedita vel tempora unde sint ut quis id alias. Architecto tempora nemo dolorum dolores.,Odio nihil vero.,2019-03-27T02:30:44.718Z,2076-12-18T22:25:50.915Z,positive
Troy Mohr,Quidem alias magni deserunt consequuntur nulla ut. Recusandae tempora ut reiciendis quo. Ipsam deserunt repellendus consequatur ad voluptates minus laudantium. Soluta explicabo praesentium consectetur ea praesentium facilis quae.,Reiciendis vero esse placeat nemo quod blanditiis adipisci saepe modi.,2013-06-28T02:25:12.944Z,2000-03-03T20:51:14.319Z,neutral
Tomas Yundt,Consequatur occaecati deleniti commodi soluta tempore molestias eos. Cupiditate modi eius repellat architecto culpa molestias nam. Sapiente repellendus architecto laudantium maxime recusandae architecto itaque.,Qui soluta animi.,2016-04-27T19:43:25.340Z,2064-09-21T23:28:45.765Z,positive
Marlene Swift,Error saepe ratione. Corrupti ea amet a debitis expedita. Repellendus eveniet nam. Omnis repellat magnam molestiae a architecto. Vero asperiores rem consectetur quasi atque. Laborum iste natus occaecati placeat possimus.,Beatae consectetur cupiditate ex ipsum.,2013-07-05T04:42:02.234Z,2047-10-24T22:02:09.406Z,neutral
Wilson Hilpert,Eos perferendis nulla odit. Veritatis assumenda sint blanditiis nihil. Vero nostrum blanditiis autem. Ea nihil aliquam eligendi similique officia hic quasi ut repudiandae.,Ad pariatur inventore.,2020-05-10T06:59:22.511Z,2001-10-14T18:15:40.590Z,negative
Martha Feest,Fugit ullam aliquid recusandae non quisquam animi a. In iure laboriosam. Id necessitatibus inventore doloremque aut velit.,Maxime eveniet deserunt magnam quam est odit aperiam.,2023-01-26T01:37:33.290Z,2087-02-18T02:46:31.031Z,negative
Orlando Ratke,Similique magni fugiat quisquam repellendus natus fugit. Voluptate quos minus. Quod nesciunt consequuntur ut necessitatibus totam facilis. Quia illum necessitatibus fugit distinctio dignissimos beatae. Dolores eligendi neque in quae molestias doloremque. Velit id numquam natus cum.,Alias blanditiis veritatis.,2022-12-10T07:41:29.475Z,2013-12-21T21:19:17.760Z,positive
Dr. Sandra Bayer,Ad ipsa adipisci ipsa doloremque. Laboriosam architecto saepe. Optio quas ipsa accusamus ratione officia molestiae. Optio officiis dignissimos libero iure labore reiciendis quisquam. Quo atque sunt quos velit possimus alias. Officiis placeat similique eos et tenetur aliquam nemo cupiditate dolores.,In veritatis assumenda maxime porro quod sit fuga unde.,2017-04-11T11:10:39.922Z,2087-05-11T18:50:00.114Z,neutral
Angel Goyette,Maxime repudiandae natus quisquam magnam nostrum rerum ratione nesciunt repellat. Quasi in commodi accusantium. Ut tempore magni iusto error officiis.,Dolor iure mollitia aut distinctio.,2021-05-01T12:44:31.313Z,2067-04-22T14:41:25.778Z,negative
Della Johnson,Fugit eligendi inventore beatae doloremque nisi autem voluptatum suscipit ab. Quae quaerat modi voluptatem ipsa iure enim mollitia ex. Sapiente tempora modi distinctio natus maxime earum autem officiis. Alias porro architecto.,Magni est neque quidem ex.,2020-12-29T03:43:26.962Z,2013-04-14T09:32:45.923Z,neutral
Carl Hilpert,Tenetur eius earum. Delectus earum velit laborum dolore incidunt. Delectus voluptatum debitis.,Laudantium architecto magni.,2013-06-04T10:06:17.896Z,2079-03-25T19:17:07.885Z,neutral
Randall Tillman,Quo iure repellendus iure illum blanditiis sit odio. Laudantium voluptate quasi rerum quisquam corporis. Repellendus repellendus libero iste. Rem fugiat porro nostrum officiis voluptate aliquam.,Eius sit vero eius modi.,2015-04-03T15:00:43.563Z,2014-03-28T16:55:42.406Z,neutral
Dexter Kuhic,Corrupti amet omnis explicabo ex dignissimos iusto quia nisi sequi. Nihil deserunt atque dicta assumenda alias voluptas. Odit fugiat accusantium. Aspernatur perspiciatis exercitationem. Reprehenderit sequi eos. Ipsam doloribus sequi enim quaerat.,Fugit illo reprehenderit voluptate molestiae similique.,2013-05-28T20:43:46.444Z,2075-12-08T05:50:37.320Z,positive
Esther Dicki,Impedit rerum repellendus quidem iusto reprehenderit aperiam. Dignissimos corrupti eos in. Ipsa cum omnis saepe aperiam nemo unde iure amet blanditiis. Soluta repellat temporibus. Libero deleniti laudantium impedit dolore velit. Consectetur deserunt aut quo totam voluptatum unde consequatur.,A ea doloribus expedita dolorum maiores aspernatur quo.,2015-11-08T01:34:15.695Z,2044-10-21T14:24:00.945Z,neutral
Mamie Lynch,Necessitatibus eos blanditiis voluptatibus minus tempora dolorem. Laboriosam cum adipisci corporis necessitatibus ullam. Eos beatae asperiores consequuntur dicta placeat ad illum molestiae. Aspernatur fugit cupiditate nemo. Suscipit consequuntur quis.,Consequatur dolorum eligendi unde sed magni vitae in et.,2018-12-16T02:22:16.808Z,2047-10-31T00:03:51.002Z,negative
Gail Veum,Inventore laudantium fuga hic unde. Voluptatem error non distinctio. Doloribus explicabo eaque aspernatur labore porro dolorum. Nisi numquam voluptates nulla accusamus. Veniam dolores dolore quam delectus voluptatem iusto.,Fuga eligendi occaecati illo saepe tenetur sit cumque.,2014-02-17T14:06:16.698Z,2086-01-03T01:06:21.508Z,positive
Christian Moen Jr.,Odit fugit voluptatem autem a molestias. Officia illo quidem dolorum expedita distinctio cumque quos vero vitae. Expedita voluptas corrupti itaque a. Placeat aut sequi sequi nihil.,Repellendus magni ea laborum debitis.,2014-03-12T22:49:52.258Z,1998-09-06T19:58:55.009Z,negative
Bonnie Terry,Sit veritatis eligendi doloribus asperiores natus inventore provident. Temporibus maiores nesciunt deleniti libero accusantium officiis maxime ad. Labore maiores esse esse nesciunt. Velit omnis accusantium qui nam quam. Molestiae illum assumenda atque quidem temporibus. Iste nemo quia distinctio.,Optio iure optio animi laborum tempora.,2022-09-23T09:59:35.839Z,2011-12-20T03:28:25.636Z,negative
Paulette Crona,Dignissimos omnis veniam debitis voluptate quae. Rerum suscipit deleniti consectetur voluptas voluptates aliquam quas dolores. Voluptatum accusantium odit quisquam rem. Dolorem at neque recusandae.,Consequuntur quam ipsum eum.,2021-03-30T11:43:54.691Z,2038-07-23T23:56:51.055Z,positive
Colleen Weimann,Doloremque eius numquam dignissimos molestias. Ab odio voluptas praesentium necessitatibus itaque officia reiciendis. Eveniet autem voluptatem ipsa deserunt velit eum.,Unde ratione ullam libero.,2016-10-13T21:36:16.129Z,2028-07-07T00:26:35.933Z,negative
Mrs. Horace Champlin,Tempora provident voluptatibus aliquid blanditiis modi. A saepe non harum ullam. Minima quam exercitationem unde dolorem iure error. Animi dolorem amet quo magni.,Dolores laboriosam fugit natus quam ea minus ut sint.,2017-03-25T06:07:21.298Z,2071-03-10T15:35:19.985Z,neutral
Adam McLaughlin,Ex architecto quisquam quibusdam debitis assumenda. Unde aperiam dolores velit nesciunt. Quo qui officia consequatur cum unde quo reiciendis nihil. Excepturi et reiciendis. Sed vitae possimus odit quas eum natus nobis optio beatae. Nihil explicabo quia illum expedita magnam excepturi.,Illum dolor suscipit fugit quas dolore nisi tempora est.,2015-01-19T04:03:27.667Z,2070-07-26T09:04:51.108Z,positive
Christie Johnson,Eius iste omnis unde. Laboriosam asperiores blanditiis ex. Sequi consectetur inventore perferendis ipsum voluptatem recusandae amet. Facilis natus nemo consequatur natus sequi quod. Voluptas voluptatem voluptatibus libero perspiciatis eos sunt exercitationem.,Voluptatum nihil voluptatem laudantium et minima sequi.,2017-01-29T08:55:47.910Z,2018-01-31T17:51:55.533Z,negative
Miss Kayla Goldner V,Necessitatibus quas reiciendis nesciunt. Unde reiciendis delectus est. Neque quo a sit qui repellendus. Vitae voluptatem tempore fugit repellat.,Excepturi natus eum a.,2020-08-24T06:27:35.177Z,2075-12-19T14:05:33.390Z,neutral
Dallas Hagenes,A rerum architecto. Sit earum nemo dolores eaque. Quisquam fugiat facilis reiciendis. Possimus placeat eum voluptates porro illum magni eos odio est. Ullam architecto necessitatibus similique quaerat.,Eos eum dolore veniam omnis nobis libero modi saepe perspiciatis.,2022-12-23T06:20:46.565Z,2013-03-06T05:37:42.142Z,positive
Nadine O'Kon,Labore quod sit delectus officiis consequuntur veritatis. Nam tempore animi autem eius possimus fugit recusandae fugit. Omnis ea provident facilis eaque laudantium dolores recusandae.,Aliquid itaque debitis.,2019-01-30T13:05:54.072Z,2084-09-14T00:44:48.303Z,negative
Lorenzo Bergstrom,Earum eaque quam. Hic ipsum et voluptatibus doloremque quibusdam delectus corrupti eligendi qui. Magni molestiae excepturi culpa voluptatum modi odio sint ad. Soluta placeat occaecati deserunt facilis dolores. Voluptatum temporibus nemo nesciunt nam odio distinctio blanditiis enim. Provident error veritatis soluta dolorem tenetur nobis accusamus aspernatur.,Provident veniam nam in magnam.,2015-03-21T22:05:37.980Z,2047-10-22T23:36:49.834Z,positive
Miss Candice Roberts,Est ea nobis dolorum tempore delectus provident sapiente hic. Enim cumque sit enim aliquid laudantium illo voluptatem. Provident suscipit modi quisquam.,Quam necessitatibus quasi asperiores distinctio quaerat inventore ducimus repellat.,2021-06-20T11:34:15.767Z,2031-05-16T08:29:05.634Z,negative
Francis Walker,Impedit similique minus officia minus laudantium eveniet. Animi odit minus nobis laudantium quis molestias explicabo asperiores laboriosam. Laborum nemo id doloremque. Labore voluptas ipsam nemo molestias voluptatem.,Nam corrupti tenetur placeat ratione aliquid non fugiat.,2022-07-28T23:45:00.163Z,2078-03-09T03:43:25.223Z,neutral
Sheldon Sawayn,Hic ipsam optio officiis molestiae autem totam dignissimos dolorem. Omnis suscipit eveniet odio dolorum placeat provident quasi. Dolorum officia minima debitis. Assumenda deleniti quidem asperiores alias at et veritatis rem consequatur.,Ipsam repellendus excepturi saepe architecto fuga quasi placeat optio.,2021-10-30T01:48:14.352Z,2069-12-22T07:20:19.524Z,neutral
Mr. Christy Walter,Modi debitis saepe laudantium dolorem consequatur aspernatur atque itaque. Aliquid sint earum maxime. Dolorum id facere error aspernatur occaecati. Rerum eaque debitis explicabo esse. Aspernatur cumque nobis deserunt esse blanditiis molestias voluptatibus facilis numquam.,Voluptatibus ducimus assumenda porro.,2018-10-23T17:37:26.589Z,2072-12-26T12:35:29.269Z,neutral
Al Bode,Earum molestiae exercitationem temporibus repudiandae. Tempora est expedita nostrum ratione. Et possimus non provident aut quos labore odio sed. Quisquam quas porro necessitatibus vel quae nemo accusantium magni.,Amet praesentium facilis eligendi.,2023-04-15T07:19:32.965Z,2070-12-13T15:39:58.499Z,neutral
Shannon Gorczany,Reprehenderit provident reprehenderit sapiente ullam odit consequatur sequi similique. Doloremque ex autem nam maiores. Quas labore architecto consequatur. Voluptatibus expedita excepturi. Sit assumenda tenetur. Aliquam hic praesentium ipsa.,Quam repudiandae tempora unde sequi quaerat.,2013-10-17T01:39:49.866Z,2005-05-06T05:02:25.704Z,positive
Tony Gerlach IV,Quod voluptatem harum tempora tempora alias accusantium laborum. Culpa repellat molestias totam facilis. Odio omnis itaque maxime ipsa possimus cupiditate. Sequi non recusandae molestias sunt iure occaecati. Culpa officiis nam at. Ab sunt natus quisquam ea.,Ut exercitationem saepe beatae consequuntur similique consequuntur veritatis.,2015-03-26T07:52:50.203Z,2017-03-30T14:19:10.020Z,neutral
Wilfred Douglas III,Consectetur velit culpa. Provident consequatur expedita magni porro asperiores enim cumque. Nisi laborum laudantium a amet eos. Accusantium sed illum sequi debitis sed quam voluptas repellat ex.,Cumque blanditiis nam fugiat illo sit illo.,2015-02-03T03:08:56.742Z,2002-07-07T13:29:18.145Z,positive
Darlene Kerluke,Perferendis aspernatur ab ut. Architecto itaque sit praesentium. Molestiae aut magni fugiat distinctio. Occaecati amet quae dolorem dolorum.,Quas id dolor voluptatum perspiciatis et nobis.,2018-12-28T15:58:37.293Z,2096-08-05T06:26:11.904Z,negative
Patti Hagenes,In veritatis alias autem architecto pariatur adipisci quaerat corrupti. Fugit similique autem quae. Harum explicabo temporibus cum ut provident sit expedita vel. Quae itaque nesciunt. Incidunt exercitationem sapiente. Aliquid ipsum asperiores tempore accusamus dolore reprehenderit mollitia optio nemo.,Veniam mollitia accusamus qui temporibus amet.,2015-08-04T00:13:04.562Z,1994-12-13T21:47:08.606Z,positive
Kristi Pouros PhD,Ullam labore enim aperiam ratione odit qui quaerat omnis fugit. Harum impedit perferendis a fugit distinctio exercitationem. Voluptas animi laborum consectetur suscipit distinctio vitae voluptate ipsam. Tempora pariatur aspernatur nisi nulla neque. Ex ipsum amet explicabo.,Distinctio eaque similique explicabo debitis qui molestiae.,2016-12-19T03:22:07.302Z,2096-10-16T23:29:58.148Z,negative
Brandon Mitchell,Dignissimos eos dolor iste non. Voluptatem sapiente pariatur earum tempora suscipit amet. Sed maxime fugiat vel dolorem. Adipisci fugiat nostrum a quae. Iure exercitationem enim consectetur minus. Distinctio quam facere pariatur iusto cumque dolores enim labore sit.,Magni ex ullam nostrum delectus nostrum occaecati nostrum maxime explicabo.,2013-08-10T23:52:57.397Z,2027-01-28T13:29:43.760Z,neutral
Dr. George Pacocha,Iure assumenda eos hic atque illum. Velit dolorum odio adipisci sunt natus dolorum. Eum facere omnis error quasi beatae voluptas ipsa quis. Officia laboriosam unde quasi. Quod ad officiis inventore rem cum.,Iure hic amet tenetur repudiandae tenetur tenetur maiores.,2018-12-16T23:53:22.519Z,2040-01-17T18:22:21.540Z,positive
Wanda Block,Pariatur assumenda occaecati soluta minima. Unde architecto dolorem minima magni voluptatum corporis dignissimos. At aliquam ipsum. Magni aliquid voluptate minima. Est voluptate rerum aliquam inventore.,Hic quos ullam.,2019-06-23T04:12:59.511Z,2054-11-06T23:26:17.388Z,neutral
Homer Mertz,Minima quis ullam vel. Consectetur necessitatibus porro suscipit. Dolore nemo nam officiis perspiciatis ab animi iste. Hic ea ad atque non harum harum reiciendis vitae maiores.,Esse repellendus enim quod cumque quibusdam maiores nam sint.,2022-06-13T17:34:13.625Z,2095-04-20T04:12:58.984Z,neutral
Vanessa Runolfsson,Omnis laboriosam cum autem. Ad odio voluptas. Nostrum eum perferendis.,Saepe tempora tenetur numquam nobis.,2013-07-28T19:30:43.629Z,2074-11-20T20:52:54.925Z,positive
Lucas Koch,Aliquid quam esse cum. Impedit ipsa saepe dignissimos ut nostrum. Rem explicabo accusamus dicta. Nemo animi velit aliquid animi cum ut quaerat. Similique quisquam adipisci. Officiis quisquam laboriosam voluptatem consequatur rem aliquam.,Non pariatur et similique necessitatibus natus commodi iusto.,2014-08-24T22:33:14.450Z,2097-07-05T22:46:41.370Z,negative
Kerry Stamm,Unde vel non reiciendis aspernatur eveniet dicta reiciendis. Nisi officiis odio iure expedita. Non nemo beatae reiciendis ipsum dolorem incidunt. Temporibus enim voluptatum distinctio sit.,Nostrum sapiente maxime doloremque molestias ipsa.,2021-05-23T04:17:05.579Z,2062-06-25T05:32:51.043Z,neutral
Dean Barrows,Officiis ad explicabo magni dolore. Unde rerum reprehenderit. Voluptates a nihil quae architecto nemo impedit ea repudiandae delectus. Dolorem corporis vel accusamus enim quas. Quas amet suscipit velit dolore reprehenderit quos modi nostrum quia.,At minus reiciendis repudiandae impedit nihil odio.,2014-03-09T08:08:38.956Z,2059-05-11T09:38:47.791Z,neutral
Inez Erdman,Quibusdam reprehenderit perspiciatis perspiciatis natus voluptatibus repudiandae beatae voluptas illo. Exercitationem debitis incidunt eius ipsam in. Esse dolorum consectetur saepe eveniet sit alias debitis reprehenderit enim. Culpa expedita dignissimos non facere est sapiente quo. Neque soluta itaque autem tenetur illum deleniti omnis tenetur. Sapiente enim aliquam ut quod odio praesentium dolorem error necessitatibus.,Quasi minus voluptates eaque.,2017-09-26T10:31:46.204Z,2016-09-25T18:47:07.958Z,neutral
Rosemarie Harris,Rerum reiciendis veritatis quibusdam ullam id ratione iusto. Totam neque laudantium. Vitae unde molestias. Ut quaerat eveniet tempora quidem animi ipsum doloribus. Sequi molestiae enim facere nemo officia.,Commodi quasi illo numquam natus laboriosam ipsum officiis itaque.,2014-04-04T03:21:34.319Z,2092-01-01T13:29:23.882Z,negative
Shannon Grant,Ea vel labore. Libero inventore velit. Iusto numquam quis neque quaerat quam veniam. Omnis cum nam. Tenetur molestiae tempore. Odio quia maxime necessitatibus magnam aliquam nobis omnis pariatur.,Culpa ex quaerat tenetur cum ipsum accusamus eaque quos.,2022-05-21T23:14:49.959Z,2061-12-12T11:56:53.686Z,positive
Corey Schowalter,Quis nam dolor. Deleniti hic est sit voluptatum dolores aspernatur. Cum sint cum. Unde vero eos.,Distinctio enim eius ab ipsa deleniti reiciendis quibusdam assumenda odio.,2019-01-31T21:14:13.749Z,2065-10-04T05:18:34.838Z,positive
Gayle Kerluke,Quod consequatur consequatur possimus dolorem unde similique. Nihil alias enim corporis quo reprehenderit earum unde ad. Necessitatibus modi quibusdam molestiae laborum. Dolorem autem vitae deleniti.,Aspernatur possimus laboriosam.,2013-05-02T12:15:53.901Z,2003-09-08T05:45:45.573Z,positive
Mr. Diane Bins,Ipsam maiores corporis provident nihil consectetur reprehenderit. Enim sunt in ipsam. Laboriosam aut velit facilis libero sit pariatur recusandae. Ad suscipit voluptatem possimus ipsam possimus adipisci porro non. Esse tenetur fugit placeat delectus blanditiis nam. Quam incidunt minima fugiat dolore consequatur.,Optio fugit omnis.,2017-12-11T08:32:53.484Z,2092-06-21T13:49:53.261Z,neutral
Glen Farrell,Doloribus maiores cupiditate. Impedit deserunt necessitatibus corporis totam aspernatur odio. Accusamus perspiciatis consectetur quisquam maxime labore accusamus sequi porro.,Sapiente facere excepturi ipsa nisi optio et consequatur fugit et.,2020-09-04T00:14:36.120Z,2016-07-31T22:22:59.826Z,negative
Woodrow Toy,Delectus eligendi vitae delectus voluptas repellendus quisquam esse recusandae. Nesciunt at adipisci labore quos delectus accusantium impedit voluptatum quae. Voluptates fugit quasi magnam occaecati in perferendis distinctio sit.,Eum facilis eligendi vero dicta quaerat in.,2016-07-29T04:37:02.652Z,2008-11-17T19:53:32.118Z,neutral
Shelia Roob,Voluptas nihil culpa veniam. Reiciendis eligendi nobis maxime voluptas delectus. Ea aperiam itaque temporibus rerum amet. Reiciendis asperiores quibusdam unde fugiat provident.,Provident temporibus incidunt cum perspiciatis accusamus labore consequatur.,2019-05-07T18:39:22.435Z,2003-10-21T15:27:41.445Z,neutral
Edna Roob,Ullam nostrum eaque natus quo temporibus eaque fugiat cumque sapiente. Eligendi sed distinctio corrupti quibusdam unde minima. Ipsum ab voluptate harum molestias debitis temporibus doloribus. Atque delectus rem temporibus doloribus cupiditate dignissimos. Numquam tenetur sed fugit libero.,Asperiores inventore ducimus.,2016-02-21T14:00:23.938Z,2016-05-12T23:52:22.054Z,neutral
Mrs. Pauline Gislason,Laboriosam aspernatur nisi. Optio non architecto alias eaque iure quod voluptate quas. Eum sunt inventore quaerat debitis quas harum.,Dignissimos eos odit eaque quia.,2018-02-25T10:44:30.445Z,2054-04-28T12:35:59.443Z,negative
Clifford Rohan,Accusamus similique neque delectus earum beatae recusandae. Sit consectetur culpa rem qui quidem porro. Repellendus tempora labore. Magni at consequuntur nostrum iste quo fuga. Inventore soluta qui corrupti ipsam officia suscipit cumque eveniet.,Molestiae voluptate vitae reiciendis similique culpa qui.,2015-06-16T05:05:28.278Z,2024-03-23T22:17:41.890Z,positive
Felix Schimmel,Velit enim ipsam eligendi. Quisquam ex quia a atque similique nisi reiciendis quasi. Debitis harum velit doloremque quos. Molestias modi voluptates dicta maxime.,Aliquid incidunt odio.,2020-11-17T06:41:40.409Z,2097-03-16T06:30:36.760Z,positive
Della Hodkiewicz,Laudantium odio deleniti reprehenderit aut praesentium illum vel officia ad. Nihil omnis mollitia totam odio. Sequi magnam eligendi illo. Earum atque ex. Omnis necessitatibus dicta quasi ea temporibus vitae fugiat id voluptates. Impedit delectus delectus voluptatem tenetur voluptatem culpa quasi voluptatibus.,Beatae nisi aliquid occaecati voluptates voluptatum dolore.,2016-01-21T08:45:12.882Z,2012-02-05T10:19:40.042Z,positive
Curtis Beahan II,Explicabo consequuntur deleniti deleniti ipsum saepe velit exercitationem consequuntur itaque. Voluptatum totam fugit iure dolore quas. Numquam eveniet voluptas nam in impedit.,Provident dolores laudantium.,2020-12-19T18:29:25.375Z,2010-10-17T10:26:46.736Z,positive
Dianne Weber,Dolorum maxime expedita illo vero. Fuga molestiae eveniet exercitationem unde omnis sapiente perferendis distinctio ipsa. Repellat laudantium quae quasi voluptatum neque. Ipsum quidem earum libero. Blanditiis ratione hic soluta mollitia. Numquam praesentium vitae explicabo cupiditate.,Amet rerum cupiditate.,2016-05-31T04:29:03.404Z,2018-02-12T14:01:44.016Z,neutral
Gail Bosco,Error tempora ad exercitationem. Consequatur doloremque veritatis nam ab ducimus hic eaque doloremque. Laudantium omnis expedita dolorum a facilis.,Error ex magnam.,2016-10-12T01:03:40.927Z,2099-08-30T16:44:12.209Z,positive
Mr. Roberto Mills Jr.,Provident soluta nisi omnis optio. Illum corrupti eius porro aspernatur nulla. Magnam facilis doloremque quam quo laborum quos ipsa rerum omnis. Reiciendis nihil velit. Consequuntur pariatur dolorem aliquid nesciunt iste. Eius repudiandae sunt.,Incidunt adipisci soluta id quos.,2015-06-15T04:44:34.420Z,2068-03-23T08:17:50.274Z,neutral
Patsy Dickinson,Officiis dolore ab quos veniam sapiente. Doloribus vel tempora dicta. Debitis voluptate odit. Aperiam officiis eveniet. Perspiciatis id possimus ad hic ratione.,Ipsa autem excepturi vel voluptate optio magni.,2013-08-09T06:48:01.321Z,2071-05-18T17:34:31.959Z,positive
Malcolm Boyer,Error odit quidem natus vel perferendis perspiciatis tempore consectetur libero. Dolorum consequatur unde. Autem nam possimus quidem sunt molestiae non vitae. Repudiandae dolor dignissimos in nemo mollitia reiciendis id.,Quo consequuntur laboriosam.,2015-03-02T02:53:43.844Z,2066-02-28T22:42:32.720Z,negative
Iris Harris,Ratione qui deleniti minima distinctio debitis. Debitis ipsam accusamus porro quos odit ex ducimus consectetur. Aliquid odio qui recusandae culpa. Amet enim at quos necessitatibus voluptatibus necessitatibus dicta id cumque.,Accusamus delectus et.,2013-06-06T09:49:44.771Z,2053-07-09T18:59:35.572Z,negative
Ted Balistreri,Veritatis quasi ipsum minus ut. Illo omnis harum amet possimus nulla reprehenderit repellat. Eaque a sit quaerat.,Saepe delectus qui illo reiciendis cum nobis.,2022-09-05T13:01:22.812Z,2016-02-15T06:36:30.165Z,negative
Marlene Olson,Magnam adipisci saepe. Voluptas esse cum fugiat beatae. Ut voluptatum numquam repudiandae alias culpa autem ipsum veniam ipsam. Cupiditate ut ea aliquid quasi vero id aut aspernatur a.,Delectus tempora saepe nisi.,2014-05-15T17:40:58.221Z,2091-10-29T01:34:47.852Z,positive
Lamar Sporer,Error aut quis necessitatibus praesentium optio in recusandae. Repellat error perferendis facere eaque repellat blanditiis assumenda vitae. Blanditiis deleniti culpa possimus quod eveniet nam itaque repellat cumque. Placeat perspiciatis officiis delectus sapiente ea hic est assumenda quisquam.,Porro impedit asperiores libero quae.,2019-09-06T15:38:39.812Z,2063-05-04T16:30:42.785Z,negative
Owen Grady,Ratione assumenda dolorum in id. Placeat culpa quasi amet. Neque quo nemo.,Enim illum iusto nulla.,2017-01-20T18:09:55.363Z,2042-04-29T14:08:14.693Z,neutral
Mr. Carrie Metz,Commodi ea porro nesciunt aliquam id magnam voluptas nesciunt cupiditate. Quisquam rem inventore accusantium saepe omnis. Excepturi assumenda esse sequi excepturi sit illo atque beatae.,Harum debitis quod officiis minima perferendis consectetur dolore.,2021-06-22T14:17:30.015Z,2086-11-27T21:09:16.252Z,negative
Darren Purdy,Expedita similique praesentium. Culpa cum quasi blanditiis ducimus esse omnis distinctio minima consequatur. Mollitia tempora voluptatum. Molestiae omnis neque. Deserunt suscipit veritatis quibusdam nisi ullam architecto itaque. Impedit est cumque nulla non optio quaerat sequi ullam hic.,Eius saepe ex dolorum.,2015-11-03T19:22:15.866Z,2025-09-26T21:18:43.530Z,positive
Darnell Bashirian,Cumque excepturi qui incidunt sit. Nostrum sapiente iusto esse praesentium. Aliquid reprehenderit ipsam incidunt voluptatum odit. Ipsam maxime praesentium adipisci doloribus sint ab. Facere dolorum non voluptates omnis nostrum.,Corrupti maiores perspiciatis atque id minus eaque ea debitis dolore.,2014-10-27T08:25:43.803Z,2072-05-05T05:32:55.332Z,neutral
Kurt Schiller MD,Id nostrum dolores dolore nemo dignissimos saepe non sapiente. Recusandae aliquam accusamus vero occaecati facere reprehenderit quisquam quae. Perspiciatis nihil molestiae fugiat rerum delectus. Animi voluptas error suscipit reprehenderit. Ratione enim tempora.,Commodi minima commodi laboriosam est porro sint laboriosam dicta.,2021-11-08T14:13:10.474Z,2073-03-15T09:15:23.563Z,positive
Rosa Romaguera,Nisi vitae ipsum. Eum in quaerat nobis. Cupiditate dolorum exercitationem similique. Tempora voluptatum neque dolores molestiae. Qui veniam velit nemo mollitia harum sit facere rem natus. Illo et neque in optio at ipsam.,Ipsa nisi laborum ullam beatae earum facere quis.,2015-06-10T01:13:43.056Z,2076-01-27T08:20:15.677Z,positive
Angelina Kozey,Similique repellendus veniam eum nobis veritatis. Magnam veritatis nam alias provident omnis doloremque earum. Aliquid esse perspiciatis incidunt cupiditate suscipit veritatis tempore eos optio. Facere praesentium illum unde animi doloremque necessitatibus quaerat repellat animi.,Sed dolorem doloremque illum hic corrupti.,2013-11-30T16:53:13.589Z,2022-05-23T17:22:41.022Z,neutral
Alberto Ryan,Eum aspernatur consectetur dicta ipsam. Suscipit adipisci aliquid quae velit. Ullam sequi repellat itaque esse dolorem quos doloremque. Eveniet provident nam quisquam quos.,Dolorem nisi odit hic placeat voluptatem accusamus iste hic repudiandae.,2018-08-22T08:58:55.571Z,2001-11-03T03:08:34.106Z,neutral
Bradley Lindgren,Aut ipsum autem maiores exercitationem. Recusandae mollitia quidem dolorum eaque repudiandae. Officia corporis laudantium blanditiis nihil assumenda alias asperiores.,Eum at sequi harum.,2016-10-15T10:14:31.635Z,2008-02-11T16:34:01.970Z,neutral
Jacqueline Zulauf,Quod fugiat autem praesentium. Officiis illo doloribus. Architecto inventore velit eius molestiae. Deserunt accusamus voluptatem voluptatum molestias dolore consequatur doloribus voluptate. Voluptatibus et fuga asperiores dolorum fuga asperiores architecto. Voluptates omnis vel sit cumque.,Exercitationem enim vitae aspernatur fuga.,2016-04-01T19:00:58.346Z,2004-01-01T18:57:41.301Z,negative
Mrs. Malcolm Quigley,Sed architecto itaque magnam iure occaecati alias cupiditate aperiam. Dolorem ut minus delectus omnis officia. Possimus nesciunt vitae non nulla corporis quam labore commodi animi. Sint ex id deleniti dicta.,Ullam asperiores saepe ratione perferendis ut labore ipsum.,2019-02-17T18:00:18.363Z,2056-10-11T17:25:19.340Z,negative
Elsie Hettinger,Tempora deserunt laboriosam accusantium aspernatur. Quidem molestiae excepturi ex consequuntur. Aut eius modi veritatis aliquam delectus dolor eius temporibus repellendus. Quas similique quaerat sint quis saepe temporibus earum dolorem.,Fugit voluptatum labore quam quam optio.,2019-01-02T09:27:35.377Z,2024-06-08T12:31:35.970Z,negative
Kelli Gleason,Magni blanditiis ducimus suscipit occaecati alias rerum. Odit deleniti velit totam distinctio sapiente autem. Sunt veritatis praesentium. Doloribus accusantium omnis veniam.,Ipsum itaque fugit quisquam.,2022-09-12T09:03:41.781Z,2073-11-26T13:46:47.584Z,negative
Viola Schamberger,Nostrum optio impedit distinctio ipsam voluptatum officia. Quaerat nobis rerum eius placeat. Officia quas enim quisquam illo accusantium quidem quasi. At quasi ex voluptatem. Officiis laborum officiis quos minima.,At libero libero sit perspiciatis alias eius in pariatur.,2022-03-05T04:21:47.060Z,2003-08-22T03:25:46.889Z,neutral
Martin Schmidt,Nostrum placeat pariatur odit illum. Praesentium eum reprehenderit velit consequuntur et enim distinctio. Facere maxime quos esse ipsum assumenda natus asperiores maxime perspiciatis.,Dolorum repellendus harum ratione architecto ab dolores eveniet ducimus.,2020-08-31T08:26:31.291Z,2054-03-05T00:40:36.982Z,negative
Dianna Goyette,Quos sed provident nihil vero dignissimos. Sint provident accusamus occaecati sunt. Officia deleniti culpa facilis voluptatibus neque earum necessitatibus possimus nam. Et praesentium sunt. Optio laborum dolores ex vel harum quam provident. Quia quaerat pariatur consequuntur eaque est corporis.,Veritatis porro similique nemo sapiente labore.,2021-10-03T09:31:27.376Z,2062-05-07T16:23:52.555Z,neutral
Carlton Cremin,Sit nihil veritatis atque magnam aperiam modi. Fugiat numquam dignissimos dolorum ex ullam ab officiis. Unde aspernatur odio dolores aliquam id eius iusto. Unde excepturi odio numquam vero. Ratione quod omnis non adipisci repellat aliquid corrupti excepturi.,Incidunt optio aliquid aperiam ex cumque et laboriosam.,2015-03-10T14:45:31.187Z,2032-03-15T09:39:35.043Z,negative
Velma Deckow,Quibusdam eos a accusantium rerum facilis aut. Dicta eaque iusto dicta facere in explicabo. Occaecati dignissimos ea facilis itaque. Odit iure error.,Beatae maxime amet occaecati.,2019-11-15T03:06:35.452Z,2079-03-29T09:52:25.078Z,neutral
Lori Gerhold PhD,Alias soluta veritatis cumque animi. Neque nemo a est incidunt distinctio eligendi eaque cumque repellat. Blanditiis ab architecto deserunt tempore minus facere tempora suscipit. Dicta expedita debitis dolorum quis. Est nesciunt earum. Consequuntur quae non iste reprehenderit labore.,Officia laboriosam ipsum rem tenetur excepturi exercitationem.,2015-04-21T02:30:16.456Z,2082-10-16T21:14:54.643Z,positive
Mr. Yvette Corkery,Voluptatum repellat modi sapiente ab quasi minima hic accusamus. Suscipit earum modi autem. Laboriosam voluptatem vitae autem qui quam reiciendis blanditiis corrupti. Nostrum quidem dicta quam excepturi distinctio veniam. Nostrum harum blanditiis quod aliquam suscipit fuga. Nisi quasi recusandae velit ipsam ut voluptate illo.,Esse nihil delectus dolores.,2020-07-20T06:48:41.708Z,2045-01-07T23:36:38.067Z,neutral
Pat Dibbert,Porro nam ipsa sequi beatae illum. Totam nam nam suscipit a qui iste consequatur. Explicabo aspernatur inventore.,Sint sit qui error molestias dolores.,2022-01-14T02:16:12.112Z,2079-05-01T02:08:38.127Z,positive
Clint Jacobson,Perspiciatis fuga id tenetur cumque exercitationem similique placeat occaecati iure. Ipsa explicabo recusandae magni. Explicabo accusantium expedita facere. Maxime consequatur deserunt repellendus. Soluta quos corporis ad odio ex perspiciatis reiciendis nostrum.,Esse doloremque quas voluptates qui.,2020-06-28T09:35:23.814Z,1994-04-06T20:23:16.085Z,negative
Edmund Leffler,Beatae quasi error fuga. In hic quod laudantium itaque sapiente vero. Eligendi ipsa iure veniam tenetur occaecati saepe perferendis. Et dolor ipsa molestias tempore excepturi ullam.,Magni autem id.,2021-02-10T16:14:44.560Z,1996-07-27T03:23:10.063Z,positive
Amanda Kuhlman,Rem nisi aliquam. Corporis ratione repudiandae facere iusto ex itaque distinctio laborum ut. Quod ea ipsum assumenda quos repellat quidem rem eum veritatis. Unde veniam corporis ipsa.,Blanditiis ipsum eius maiores.,2022-07-30T12:43:31.523Z,2042-05-06T13:54:06.047Z,positive
Evelyn Kulas Sr.,Officiis esse recusandae. Ducimus labore officia aliquid vero inventore neque nihil. Minima labore quae facere est. Ut maiores aliquid modi dolore aut cupiditate ex.,Totam occaecati voluptates commodi.,2022-10-07T18:30:23.775Z,2043-06-11T08:32:11.062Z,neutral
Brenda Simonis,Esse vero perferendis doloribus. Consequatur repellendus laudantium saepe exercitationem labore ipsum. Doloribus suscipit sit. Maxime ipsum iste vero ullam nihil itaque. Id ipsa nesciunt pariatur. Dolorum officiis sequi nesciunt voluptas optio in sed.,Autem omnis ducimus distinctio provident illum ratione vel qui.,2019-04-11T01:24:12.767Z,2004-10-13T21:42:31.996Z,positive
Miss Elbert Dare,Alias facilis eum laborum ad illo aperiam assumenda. Atque quam quisquam beatae ab vel eaque sit nostrum. Impedit dignissimos culpa quae repellat tempora esse cum soluta ex. Pariatur at iste quae alias tempora voluptatum dolore. Asperiores sequi deserunt minima sed dolor qui.,Ducimus nihil vitae doloribus reiciendis.,2019-05-22T08:42:28.391Z,2054-09-30T16:25:29.590Z,positive
Santos O'Reilly,Debitis in aliquid deserunt. Amet quibusdam quibusdam non ipsam. Id amet omnis repellat itaque voluptate laboriosam iusto eos. Cumque sunt quis.,Vel dicta vitae nisi maxime itaque incidunt quaerat.,2019-06-14T04:13:59.462Z,2026-04-27T02:00:37.458Z,neutral
Olivia Douglas,Architecto id saepe. Consectetur possimus rem eius voluptates inventore excepturi harum suscipit quae. Nobis magnam incidunt labore quam.,Quos sit commodi in rerum rerum quos cumque.,2016-01-18T05:56:49.773Z,2049-01-20T22:46:48.865Z,positive
Melvin Torp,Voluptate animi expedita enim ipsa natus ipsam ut blanditiis. Laboriosam rem ducimus doloremque deserunt sunt a repellat praesentium quasi. Ipsam aliquam voluptatum suscipit repellendus. Quas inventore praesentium magnam est ipsa. Dolor quod in cum ducimus repellendus atque maiores tempore. Rem error est distinctio.,Doloremque totam molestiae iste fuga.,2019-01-04T00:05:07.436Z,2015-11-16T09:38:15.668Z,negative
Robin Block PhD,Ut quasi quasi soluta architecto adipisci architecto qui. Ducimus alias nostrum voluptate itaque magnam omnis commodi. Tenetur molestias repudiandae nemo aspernatur omnis.,Tempora similique rerum maxime.,2019-11-15T12:00:56.540Z,2058-10-14T05:48:05.568Z,negative
Carrie Sanford,Quae reprehenderit modi accusamus dignissimos hic delectus quae delectus. Totam ipsa architecto reiciendis. Voluptatum quisquam nemo fugit provident delectus nulla facilis praesentium reprehenderit.,Vero consequuntur doloribus consectetur iusto.,2022-07-20T21:06:28.125Z,2007-02-01T01:43:03.098Z,negative
Abel Stroman,Libero odit alias sequi vero nulla at blanditiis quas dolorem. Commodi praesentium debitis. Consectetur eum magnam debitis eveniet. Sapiente ducimus minima quae iste vero alias. Ea porro dolor dolor nihil. Quisquam corrupti libero beatae totam illo necessitatibus iste dolores.,Facere nam doloremque voluptate.,2014-06-09T07:22:05.328Z,2084-10-06T07:14:30.862Z,positive
Estelle Tillman,Nisi iusto officia modi beatae eligendi. Delectus labore earum saepe. Laboriosam eveniet delectus dolorem dolore omnis. Qui architecto perspiciatis saepe soluta.,Deleniti aliquid perspiciatis cum magni distinctio voluptatibus eos aliquid sequi.,2022-06-15T08:24:38.349Z,1994-02-02T03:37:30.190Z,positive
Miss Hubert Orn,Iusto distinctio perspiciatis mollitia ratione sunt. Nam quae eum architecto odio mollitia aut iusto. Qui temporibus optio libero. Aspernatur eligendi illum necessitatibus autem. Vel blanditiis ab unde suscipit eligendi praesentium libero eius. Totam consequatur voluptate nulla atque vitae quia quia quibusdam occaecati.,Praesentium odit animi.,2017-04-02T22:57:05.846Z,2085-06-20T07:20:19.027Z,negative
Forrest Ondricka,Fuga excepturi voluptatem rem deserunt modi ad. Necessitatibus ab voluptatum tempora cupiditate. Incidunt nihil sunt expedita itaque sit doloremque nisi. Quas dolor minus expedita.,Consequuntur deleniti provident temporibus laboriosam saepe.,2013-11-02T11:29:39.051Z,2043-07-07T01:02:19.017Z,positive
Rex Gusikowski,Nesciunt asperiores maxime laboriosam beatae ab veritatis. Doloribus dignissimos excepturi. Explicabo eaque non perferendis repudiandae eum corrupti accusamus. Quis earum modi numquam quia quia eos fuga ipsa quos. Deleniti cupiditate magni possimus. Voluptatibus non temporibus blanditiis.,Labore dolorem amet aliquid corporis dicta ab mollitia.,2021-11-30T16:58:14.681Z,2082-08-15T10:36:09.485Z,neutral
Dr. Cornelius Tremblay,Placeat voluptates qui ab vitae nam laboriosam labore ullam architecto. Minima incidunt reiciendis itaque eveniet ratione reiciendis. Quo perspiciatis corrupti quisquam illum illum hic blanditiis numquam. Tempore eius doloribus ducimus eos sed iusto sit. Aliquid laborum dolores.,Accusantium eaque ratione voluptatum provident sint.,2021-07-21T10:44:29.748Z,2089-11-07T12:56:21.063Z,neutral
Robin Heidenreich,Suscipit quae accusamus iste incidunt hic quisquam voluptas facere commodi. Laboriosam assumenda quia necessitatibus velit occaecati facilis alias error distinctio. Aliquid iure sequi sed doloremque quia soluta. Deleniti rerum officiis a repellat numquam fugiat facilis reprehenderit a.,Magnam ipsa nulla autem laudantium.,2021-11-10T10:08:16.008Z,2053-01-12T07:26:37.153Z,neutral
Eleanor O'Connell,Numquam odit asperiores laboriosam velit laborum voluptatibus laudantium. Incidunt neque tempore facilis dignissimos quis eligendi fugit ipsum. Est labore provident itaque nisi cum quod neque.,Omnis suscipit minus reiciendis voluptate qui dolores dolore.,2019-04-25T21:39:29.536Z,2081-07-11T11:52:01.345Z,negative
Marcus Hirthe,Unde sed at. Expedita enim porro maxime ab maiores. Veniam occaecati inventore. Eius molestiae consequuntur itaque. Dolores suscipit provident.,Delectus veritatis facere tenetur odio neque voluptatum voluptatibus corrupti.,2015-07-06T10:37:54.213Z,2034-04-27T23:07:31.506Z,neutral
Brandy Crist Sr.,Accusantium error saepe. Illum nobis at nam ullam quis. Reprehenderit inventore exercitationem ratione sint voluptatibus adipisci. Similique provident inventore molestiae facere explicabo quas magni.,Eveniet et molestias cum.,2020-05-07T12:07:55.376Z,2064-12-22T08:23:36.935Z,positive
Ruben Fay,Reiciendis ipsa ipsa eos nihil. Consectetur sequi sed. Iusto temporibus aut molestias corporis rem alias et.,Tenetur repudiandae suscipit veniam quasi debitis.,2022-12-26T02:46:53.123Z,2013-08-25T08:50:10.109Z,neutral
Peggy Franecki,Veniam commodi nihil alias quos eligendi. Architecto ex beatae maxime placeat. Exercitationem molestiae ratione. Inventore repellendus eveniet. A eaque perferendis consectetur.,Cumque distinctio totam esse veritatis ducimus pariatur necessitatibus.,2016-09-10T09:02:35.990Z,2017-08-02T08:33:44.665Z,positive
Hannah Hand,Ab quae sint esse sed maxime qui repellendus molestias atque. Excepturi rerum occaecati sed. Vero officia unde veniam. Reiciendis rerum vitae architecto temporibus nisi.,Expedita nisi quibusdam temporibus ex tempora.,2019-01-22T17:20:20.272Z,2029-08-06T00:55:14.046Z,positive
Mrs. Vanessa Murray,Qui at iste possimus. Nemo mollitia accusamus perferendis reiciendis architecto voluptatibus tenetur velit officia. Perspiciatis laboriosam cum consectetur perferendis distinctio officia earum blanditiis dignissimos. Deserunt quidem reiciendis veniam a. Vitae in molestias numquam eos iusto dolores nisi.,Qui fuga ratione repellat id aliquid nam adipisci nulla quidem.,2017-12-01T21:44:02.164Z,2067-01-09T21:52:11.886Z,neutral
Gwen Powlowski,Tempore tempora temporibus. Consequatur id ex repellendus corporis aspernatur accusamus veritatis. Optio iste ducimus earum illum reprehenderit. Tenetur praesentium perferendis ex minima odit. Rem veritatis iure quidem error maxime.,Similique recusandae neque voluptatem esse iusto maxime.,2020-02-02T19:19:30.367Z,2067-12-12T04:05:09.437Z,negative
Wade Kertzmann,Velit consequatur omnis ipsam rem dolorum. Provident consequuntur sed distinctio vel voluptatum vel. Numquam earum nobis est mollitia. Assumenda facere tempore quidem ad velit ab asperiores iusto nihil.,Aut et voluptate eveniet et mollitia dignissimos.,2013-07-03T18:21:00.838Z,2082-11-01T12:09:31.040Z,positive
Gordon Oberbrunner,Harum magni quia totam libero. Ipsam fuga atque voluptatibus cum occaecati adipisci assumenda. Voluptatum illo nulla non ullam iusto maxime fuga. Veniam rem minima.,Vel perspiciatis provident quod veniam soluta.,2017-10-26T13:52:59.336Z,2082-10-18T01:37:42.155Z,neutral
Hope Lehner,Reprehenderit adipisci cupiditate voluptates ea sed voluptatibus maxime minus accusamus. Tempora fugit veritatis cum nemo quae. Ipsa odio culpa porro maiores iusto consectetur animi similique placeat. Voluptatum numquam culpa iste sint molestias sunt ea magnam. Distinctio a maxime suscipit molestias amet.,Ducimus modi numquam ratione distinctio.,2017-06-23T18:36:28.094Z,2065-02-17T07:39:12.825Z,positive
Clarence Purdy DDS,Ipsum labore et omnis eveniet impedit. Sunt quo quibusdam ea quo recusandae ea. Quis doloribus deserunt quam vitae. Culpa recusandae mollitia sint nihil maxime possimus. Odit dolor recusandae eligendi a nam ab repudiandae aliquam. Unde ab consequuntur aliquam assumenda velit.,Repellendus suscipit quos.,2013-07-27T00:18:44.018Z,2082-11-25T06:15:11.957Z,negative
Jenny McLaughlin II,Hic distinctio quos dolorem repudiandae eligendi cumque. Animi consequuntur sint ullam est libero eaque cum. Rem omnis assumenda mollitia placeat incidunt dolorem consequatur. Molestiae ducimus tenetur.,Omnis ea praesentium quisquam.,2015-12-08T23:08:32.978Z,2083-10-12T13:16:02.073Z,negative
Hannah King,Maiores veniam ipsum. Ut fugiat laudantium sequi sint hic sit. Eos rem consectetur veritatis culpa at. Commodi asperiores est rerum quae atque quia deleniti amet.,Voluptates atque maiores magnam hic perspiciatis quas reiciendis.,2022-09-11T16:46:08.864Z,2064-09-03T03:54:09.989Z,positive
Kathy Volkman,Rerum delectus minima. Repellat porro dolores beatae excepturi corporis eius accusantium sed. Distinctio repellendus provident provident inventore voluptas.,Ab reiciendis porro facere.,2021-01-30T18:04:01.910Z,2047-01-15T02:41:26.291Z,neutral
Camille Hyatt,At voluptate laboriosam non beatae adipisci. Rerum aperiam voluptate necessitatibus. Pariatur eveniet at.,Esse voluptate ut.,2017-09-13T04:02:39.478Z,2073-10-16T00:23:07.313Z,positive
Jimmie Ward,Quae nam dicta et aliquid. Magnam veniam modi cumque. Vel quas voluptates nihil modi. Harum ab aut eius perferendis accusamus nam qui.,Cumque maxime cum.,2017-02-26T19:32:03.269Z,2050-11-15T17:17:47.872Z,positive
Alison Pfannerstill,Eum illo enim totam aperiam cum suscipit numquam aspernatur. Provident tempora ipsa et dolor. Dolorem nobis minima perferendis aspernatur voluptates doloribus perferendis. Autem ducimus et ea dicta suscipit maiores. Animi amet iure deleniti sit id dolor.,Libero molestias cumque libero esse.,2020-01-27T23:04:32.376Z,2042-06-19T14:09:30.353Z,positive
Pauline Bartoletti MD,Corporis placeat placeat. Saepe dignissimos sapiente dolorem pariatur quisquam numquam debitis occaecati nihil. Animi cum nisi quod quasi fugiat beatae. Adipisci facere cupiditate. Exercitationem est quo. Tempore dolor eos quod quam minus doloribus.,Sequi nobis aliquam eaque possimus quisquam exercitationem.,2019-04-21T13:54:14.827Z,2070-07-29T00:56:56.907Z,negative
Christie Kshlerin,Ratione eos maxime quidem aliquid magnam sequi repudiandae veniam. Labore neque molestias incidunt quod nisi magni neque. Harum quaerat reiciendis.,Consequuntur suscipit odio nostrum est odit molestias pariatur.,2019-11-17T04:40:42.047Z,2067-11-08T04:05:10.184Z,positive
Kimberly Emmerich,Debitis assumenda asperiores atque eveniet incidunt maxime. Cumque qui praesentium placeat maxime expedita deserunt deleniti. Esse numquam voluptatibus similique. Porro eius deserunt voluptate maxime maiores alias corporis ducimus maxime. Perferendis amet ea inventore.,Enim sunt corporis quisquam earum omnis.,2013-11-18T19:20:49.702Z,2055-09-08T14:17:31.728Z,neutral
Julio Koss,Recusandae libero at dolorem hic quae accusamus neque tenetur. Neque ipsa sunt suscipit quam fuga. Harum architecto ab aliquid velit.,Eos veniam consectetur et non facilis.,2019-04-03T02:47:37.455Z,2078-07-14T10:20:09.507Z,negative
Kenny Funk PhD,Eveniet ab neque eveniet dolor. Animi unde sint dolorem. Voluptates nemo porro. Reiciendis exercitationem deleniti iusto vel occaecati quibusdam. Aperiam nulla quibusdam aliquid illum minima.,Id eveniet rem dicta.,2017-11-21T13:31:18.408Z,2067-08-12T00:11:36.194Z,negative
Roger Tremblay,Nisi accusantium aperiam illum. Delectus aperiam cum magni. Possimus expedita quae voluptatem hic accusamus iste. Asperiores reiciendis voluptatum quam tempora. Consectetur sapiente modi sunt veniam quasi numquam sequi esse ullam. Temporibus quasi aut dolor totam unde repudiandae adipisci ipsam.,Consectetur libero ducimus ab quia corporis.,2022-11-11T14:51:50.065Z,2034-11-24T22:56:48.515Z,positive
Shelly Johnson,A placeat quidem libero tempore vero fugiat ullam. Modi ducimus consequatur accusantium nam esse doloremque temporibus expedita. Possimus fuga fuga quas accusantium enim numquam cumque illo aspernatur. Aperiam amet soluta laboriosam ducimus dicta autem cum tempora.,Consequuntur tempora eius accusantium blanditiis aspernatur id.,2017-10-30T16:58:42.646Z,2064-02-17T13:12:42.825Z,negative
Miss Elsie Walsh,Aspernatur rerum ipsa repudiandae accusamus tenetur a in velit. Ducimus illo possimus magni perspiciatis. Reprehenderit eveniet voluptatum ducimus.,Iure laboriosam saepe hic commodi ipsa quae in.,2020-10-31T10:47:01.228Z,2009-10-01T09:45:06.240Z,positive
Julian Hartmann,Soluta sed assumenda aut dolor totam assumenda autem maiores iusto. Aut recusandae vel doloribus. Aut possimus voluptas magnam beatae in blanditiis sunt reprehenderit. Fugiat deserunt est.,Amet animi ipsam cumque tempore eum qui sequi dolore.,2019-06-11T11:34:19.066Z,2077-03-02T00:40:13.288Z,negative
Darren Legros,Possimus cupiditate voluptas vero doloremque deleniti. Dolore officia nulla animi placeat optio tempora quia libero. Occaecati eligendi esse quae soluta.,Odit velit minima fugiat culpa officia.,2017-05-06T14:00:39.235Z,2082-07-22T01:00:55.500Z,positive
Eduardo Pfannerstill,Eveniet itaque possimus. Provident quod eaque optio veritatis reiciendis. Eos ullam repudiandae sequi voluptatem consequuntur. Aut id enim harum autem.,Dolores qui fugit alias dolores.,2020-09-22T23:47:20.872Z,2055-05-14T07:22:40.830Z,neutral
Jared Hermann,Quisquam vitae dolor perferendis praesentium ducimus esse. Recusandae tenetur deserunt. Enim architecto magnam itaque reiciendis. Nisi reiciendis optio omnis maxime. Fugiat aliquid doloribus molestiae libero nulla.,Eos provident tenetur voluptatibus inventore incidunt quis mollitia repellat quasi.,2019-04-28T14:01:44.076Z,2096-07-03T20:02:14.704Z,positive
Heidi Schulist,Facilis totam laborum nisi voluptate alias voluptate. Fuga quam consequuntur eligendi. Veritatis sunt optio voluptatibus debitis sunt neque dicta. Necessitatibus assumenda iusto est itaque eveniet culpa.,Molestias consectetur nulla harum.,2015-10-08T00:06:40.773Z,2095-06-24T23:05:09.821Z,neutral
Ms. Cassandra Weissnat MD,Hic vero dolor molestiae aut sint atque. Ducimus expedita aliquam corporis perferendis soluta perspiciatis fugit voluptatum nam. Iure saepe dolores totam dignissimos corrupti beatae eligendi repellendus. Molestias nisi quae officiis. Harum assumenda vitae ea architecto soluta cum.,Rem architecto natus placeat exercitationem.,2014-10-21T11:41:13.702Z,2014-08-31T16:14:48.968Z,negative
Gloria Ferry,Vitae consectetur id quos eius asperiores nesciunt repellat atque perferendis. Exercitationem harum iusto quis cumque aspernatur. Sit maxime excepturi. Expedita amet non molestias odit ut. Repellat fugit qui inventore saepe nostrum repellat provident adipisci ducimus.,Assumenda reiciendis voluptates dignissimos quas saepe accusantium id laboriosam est.,2013-06-07T06:46:36.640Z,2049-02-28T19:49:52.327Z,neutral
Lorena Hahn IV,Consectetur explicabo maiores tenetur. Debitis voluptatibus nemo expedita adipisci omnis explicabo eos. Quisquam molestiae libero cumque dolore ipsa. Consequuntur aspernatur perspiciatis eius.,Vero tempora illo officiis sed sequi velit adipisci vitae reiciendis.,2016-12-02T02:11:04.340Z,2085-11-04T03:28:53.877Z,neutral
Timothy Cassin,Autem veritatis non commodi odio dolore maiores id. Nihil illo fuga architecto recusandae. Atque cumque quibusdam autem dicta nobis asperiores. Doloribus labore et architecto doloribus quaerat velit necessitatibus maiores. Corrupti aperiam nihil neque beatae consectetur accusantium.,Aperiam harum doloribus vero iste.,2020-03-13T17:50:19.207Z,2032-08-28T21:05:59.645Z,positive
Samuel Prohaska,Ipsa voluptas tempore magni. Quam quo nobis. Harum error voluptatem quos eius explicabo unde officia.,Quasi molestiae debitis similique atque eius corrupti porro dolorem alias.,2018-01-15T06:41:18.275Z,2060-04-03T23:45:06.438Z,neutral
Cornelius Dicki Sr.,Suscipit ab nam. In deserunt recusandae voluptas repudiandae non temporibus temporibus. Quas eius est occaecati. Fuga id ipsum eveniet dolorum.,Iure neque officiis perspiciatis modi sequi quam tempora.,2022-07-22T08:27:09.561Z,2042-10-31T22:08:48.226Z,neutral
Claudia Bernier,Dolor quis ea esse aperiam. Nobis officia animi animi dolore. Maxime sequi cum delectus provident quod deserunt soluta. Excepturi neque animi iste distinctio laboriosam velit. Labore omnis at repellat ex. Qui repellat corporis deserunt earum fuga doloribus.,Necessitatibus facere atque doloremque in veniam illum illo est dicta.,2021-01-17T17:08:13.999Z,2062-12-16T01:52:26.730Z,positive
Mrs. Dan Russel III,Temporibus praesentium voluptatibus facere. Rem beatae sunt unde. Nulla officia laborum animi nisi quibusdam delectus. Doloribus repellendus deserunt deserunt quaerat.,Modi provident hic atque ipsa.,2017-08-30T13:07:38.654Z,2049-03-08T18:13:14.005Z,negative
Bryant Schamberger,Unde animi nesciunt quidem harum reprehenderit. Dolorum est neque voluptas magnam ipsum autem. Itaque quae voluptatem. Commodi magnam odit.,Commodi minus minima molestiae laboriosam quidem neque.,2015-03-13T01:37:17.263Z,2099-04-06T18:56:10.491Z,positive
Susan Kohler,Ratione sunt eius iste. Porro fugiat iure corrupti dicta asperiores modi nesciunt. Pariatur esse exercitationem delectus perferendis doloremque voluptate. Libero distinctio maxime a impedit aliquid odit.,Magnam aspernatur exercitationem.,2017-08-06T08:20:46.913Z,2036-01-12T14:50:12.287Z,neutral
Jean Feeney II,Dolorem maiores officiis. Doloremque laborum voluptatem quia illo aliquam ab animi. Vero odit maxime nostrum earum mollitia cupiditate pariatur veritatis velit. Eos ipsa dicta laudantium perspiciatis praesentium ad vitae sapiente.,Ullam deserunt et facere doloremque incidunt officia asperiores.,2021-11-01T09:01:23.933Z,2026-09-10T04:45:50.562Z,positive
Alfredo Block II,Non unde dolores adipisci voluptate iusto recusandae. Hic numquam necessitatibus. Ipsum aut quasi.,Asperiores quam dolores nisi est sed itaque asperiores.,2020-01-07T05:53:49.815Z,1991-06-10T12:17:33.429Z,neutral
Ginger Fay,Porro quasi dolore quis illo. Voluptates quaerat esse iure in sapiente illum nemo eligendi. Inventore consequatur voluptatibus ducimus alias quasi. Fugit nihil incidunt illo omnis beatae dignissimos qui. Aut sed impedit libero accusamus dolores illum incidunt voluptas.,Voluptate repellat quis nam odit optio amet esse unde.,2015-11-04T05:09:22.566Z,2000-08-29T05:17:35.611Z,positive
Joseph Bergstrom,Culpa quae sit sint vitae neque nostrum est. Quod sunt libero eos modi. Eligendi ipsum eius ut nam eaque ab. Modi laborum consectetur eaque aut temporibus nobis beatae velit. Vel autem sint beatae expedita sed facere. Vitae odio quis vero minus error nesciunt occaecati excepturi harum.,Ipsa officiis et earum autem.,2021-08-08T00:39:59.730Z,2033-04-15T21:35:29.402Z,negative
